<?xml version="1.0" encoding="UTF-8"?>
<beans xmlns="http://www.springframework.org/schema/beans"
	xmlns:xsi="http://www.w3.org/2001/XMLSchema-instance"
	xsi:schemaLocation="http://www.springframework.org/schema/beans http://www.springframework.org/schema/beans/spring-beans.xsd">

	<bean id="employee1" class="com.cg.Employee">
	<property name="employeeId" value="100"/>
	<property name="employeeName" value="Rama"/>
	<property name="salary" value="12345.67"/>
	</bean>
	
	<bean id="employee2" class="com.cg.Employee">
	<property name="employeeId" value="200"/>
	<property name="employeeName" value="YANSHU"/>
	<property name="salary" value="9999999"/>
	</bean>
	
	<bean id="sbu" class="com.cg.SBU">
	<property name="sbuId" value="5555"/>
	<property name="sbuHead" value="JALAL"/>
	<property name="sbuName" value="CAPGEMINI"></property>
	<property name="empList">
	<list>
	<ref bean="employee1" />
	<ref bean="employee2" />
	</list>
	</property>
	</bean>
</beans>
